-- phpMyAdmin SQL Dump
-- version 5.0.2
-- https://www.phpmyadmin.net/
--
-- Хост: 127.0.0.1
-- Время создания: Окт 14 2020 г., 05:25
-- Версия сервера: 10.4.14-MariaDB
-- Версия PHP: 7.4.10

SET SQL_MODE = "NO_AUTO_VALUE_ON_ZERO";
START TRANSACTION;
SET time_zone = "+00:00";


/*!40101 SET @OLD_CHARACTER_SET_CLIENT=@@CHARACTER_SET_CLIENT */;
/*!40101 SET @OLD_CHARACTER_SET_RESULTS=@@CHARACTER_SET_RESULTS */;
/*!40101 SET @OLD_COLLATION_CONNECTION=@@COLLATION_CONNECTION */;
/*!40101 SET NAMES utf8mb4 */;

--
-- База данных: `pet_shop`
--

-- --------------------------------------------------------

--
-- Структура таблицы `addresses`
--

CREATE TABLE `addresses` (
  `address_id` int(10) UNSIGNED NOT NULL,
  `address_name` varchar(255) DEFAULT NULL
) ENGINE=InnoDB DEFAULT CHARSET=utf8;

--
-- Дамп данных таблицы `addresses`
--

INSERT INTO `addresses` (`address_id`, `address_name`) VALUES
(1, 'ул. Садовая 34'),
(2, 'ул. Красная 56'),
(3, 'ул Зеленского 56'),
(4, 'ул Ивановская 32'),
(5, 'Наставников'),
(6, 'Наставников, 23');

-- --------------------------------------------------------

--
-- Структура таблицы `animal_types`
--

CREATE TABLE `animal_types` (
  `animal_type_id` int(10) UNSIGNED NOT NULL,
  `animal_type_name` varchar(255) DEFAULT NULL,
  `animal_type_is_deleted` tinyint(1) UNSIGNED NOT NULL DEFAULT 0
) ENGINE=InnoDB DEFAULT CHARSET=utf8;

--
-- Дамп данных таблицы `animal_types`
--

INSERT INTO `animal_types` (`animal_type_id`, `animal_type_name`, `animal_type_is_deleted`) VALUES
(1, 'Кошки', 0),
(2, 'Собаки', 0),
(3, 'Птицы', 0),
(4, 'Хорьки и грызуны', 0),
(5, 'Рыбки', 0);

-- --------------------------------------------------------

--
-- Структура таблицы `articles`
--

CREATE TABLE `articles` (
  `article_id` int(10) UNSIGNED NOT NULL,
  `article_name` varchar(255) NOT NULL,
  `article_preview_text` text NOT NULL,
  `article_content` text DEFAULT NULL,
  `article_date` date NOT NULL DEFAULT current_timestamp(),
  `article_img_preview` varchar(255) DEFAULT NULL,
  `article_is_deleted` tinyint(1) UNSIGNED NOT NULL DEFAULT 0
) ENGINE=InnoDB DEFAULT CHARSET=utf8mb4;

--
-- Дамп данных таблицы `articles`
--

INSERT INTO `articles` (`article_id`, `article_name`, `article_preview_text`, `article_content`, `article_date`, `article_img_preview`, `article_is_deleted`) VALUES
(1, 'Какие породы собак склонны к набору лишнего веса?', 'Некоторые породы собак склонны к ожирению. Какие и почему?', '&lt;img src=&quot;../../assets/img/club/content_img/fat_dog.jpg&quot; class=&quot;rightimg&quot; alt=&quot;Собака с лишним весом&quot;&gt;\r\n        &lt;p&gt;Ожирение является главным питательным заболеванием у животных. Лишний вес у собак приводит к артриту, сердечно-сосудистым заболеваниям, диабету, болезням суглобов и снижению продолжительности жизни.&lt;/p&gt;\r\n        &lt;h3&gt;Факторы риска ожирения у собак&lt;/h3&gt;\r\n        &lt;p&gt;Как известно, старение или стерилизация повышает риск ожирения у домашних животных. С возрастом, уровень активности животных уменьшается и без корректировки порций корма старые животные легко наберут лишний вес. Стерилизация снижает суточную норму калорий на 10-20 процентов.&lt;/p&gt;\r\n        &lt;p&gt;Социально-экономический статус владельца так же влияет на риск ожирения. Собаки богатых владельцев более разбалованы и чаще набирают лишний вес.&lt;/p&gt;\r\n        &lt;p&gt;Вероятность ожирения зависит и от породы вашей собаки. Избыточный вес у золотистых ретриверов, лабрадоров и ньюфаундлендов является скорее нормой, чем исключением. Кокер-спаниели и мопсы имеют ту же тенденцию. С другой стороны, боксеры, уиппеты и сеттеры легко поддерживают идеальный вес.&lt;/p&gt;\r\n        &lt;p&gt;В результате исследования, было установлено, что некоторые породы собак имеют ген &quot;бережливости&quot;, который способствует отложению жира. Некоторые породы собак были выведены для продолжительной работы в неблагоприятной среде, и такая &quot;бережливость&quot; повышала их эффективность. Но в городских условиях, без должного контроля питания и регулярных упражнений, такие собаки будут набирать лишний вес.&lt;/p&gt;', '2020-10-03', '51_ru.jpg', 0),
(2, 'Как падают кошки', 'Почему кошки при падении становятся на лапы', '&lt;img src=&quot;../../assets/img/club/content_img/how-cat-fall.jpg&quot; class=&quot;rightimg&quot; alt=&quot;Как падает кошка&quot;&gt;\r\n        &lt;p&gt;Большинство представителей семейства кошачьих имеет склонность к обзору местности с высоты. Крупные лесные кошки-рыси вообще значительную часть времени проводят на деревьях, находясь в засаде или погоне за добычей. А львы и леопарды в саваннах Африки приспособились в жаркое время отдыхать на деревьях, распластавшись на ветках и опустив вниз лапы. Случается, однако, что кошки не удерживаются на высоте и падают. Но и в падении у них есть свои особенности. Многим приходилось наблюдать, как падает обыкновенная кошка, сорвавшись с карниза дома, с дерева или с забора. Сначала она падает к земле головой, спиной или боком, но затем, сделав резкий поворот в воздухе, вывертывается и становится на лапки. И так всегда. Как бы ни падала кошка, приземляется она всегда на лапки и тотчас же может бежать дальше. Такое мгновенное выравнивание положения тела у кошек обеспечивается действием ее вестибулярного аппарата.&lt;/p&gt;\r\n        &lt;p&gt;При падении кошки вестибулярный аппарат помогает ей осуществить ряд последовательно возникающих рефлексов и приземлиться на лапы. Ненормальное положение тела в пространстве приводит в раздражение отолитовый прибор каналов внутреннего уха кошки. В ответ на это раздражение происходит рефлекторное сокращение мускулов шеи, приводящих голову животного в нормальное положение по отношению к горизонту. Это - первый рефлекс. Сокращение же шейных мышц и постановка шеи при повороте головы являются возбудителем для осуществления другого рефлекса - сокращения определенных мышц туловища и конечностей. В итоге животное принимает правильное положение.&lt;/p&gt;\r\n        &lt;p&gt;Этот сложный врожденный цепной рефлекс выработался у некоторых животных как приспособление к образу жизни. Ведь животным, особенно из семейства кошачьих, часто приходится во время охоты прыгать и падать с деревьев, скал или со спины своей жертвы. И не будь у них этого приспособительного рефлекса, от них не только ушла бы добыча, но иной раз и самому охотнику пришлось бы пострадать от зубов, рогов или копыт своей жертвы.&lt;/p&gt;', '2020-10-03', '112902741_Padayuschaya_koshka_1601751240.jpg', 0),
(3, 'Признаки и симптомы бешенства', 'Первые симптомы бешенства схожие с гриппом - лихорадка, головная боль, усталость, покалывание или боль в месте укуса и анорексия...', '<img src=\"../../assets/img/club/content_img/beshenstvo.jpg\" class=\"rightimg\" alt=\"Бешенство у животных\">\r\n        <p>Симптомом является то что чувствует и может описать пациент, а признак - это то, что могут заметить другие люди, например, доктор. Например, сонливость может быть симптомом, а расширение зрачков может быть признаком.</p>\r\n        <p>Период с момента инфицирования бешенством до возникновения первых симптомов (инкубационный период) может занять от четырех до восьми недель, а иногда и более года. Чем дальше укус от головы, тем больше инкубационный период.</p>\r\n        <p>Первые симптомы схожие с гриппом - лихорадка, головная боль и усталость. Так же будет покалывание или боль в месте укуса и анорексия (потеря аппетита).</p>\r\n        <p>Может развиваться два возможных типа бешенства - буйное бешенство или тихое бешенство.</p>\r\n        <h3>Симптомы буйного бешенства:</h3>\r\n        <ul>\r\n            <li>прогрессирующее беспокойство и волнение</li>\r\n            <li>припадки</li>\r\n            <li>черезмерное выделение слез и слюны</li>\r\n            <li>судороги</li>\r\n            <li>расширенные зрачки</li>\r\n            <li>светобоязнь</li>\r\n            <li>термофобия - чувствительность к температуре</li>\r\n            <li>гидрофобия (водобоязнь)</li>\r\n            <li>бессонница</li>\r\n            <li>частичный паралич</li>\r\n            <li>галлюцинации</li>\r\n            <li>чередование периодов ясность ума с тяжелой тревогой, а затем путаница, бред и галлюцинации</li>\r\n        </ul>\r\n        <p>Практически всех больные умирают в течение двух-десяти дней после появления первых симптомов. Те, кому удалось выжить, имели серьезные повреждения головного мозга.</p>\r\n        <h3>Симптомы тихого бешенства:</h3>\r\n        <p>Этот более редкий тип бешенства поражает спинной мозг. Пациент постепенно становится парализован, пока легкие и сердце не перестают функционировать. Примерно через неделю после проявления симптомов пациенты впадают в кому, а потом умирают.</p>\r\n        <p>Больной тихим бешенством будет испытывать смущение, беспокойство, возбуждение, головную боль, галлюцинации, водобоязнь, повышенное слюноотделение, частичный паралич, который распространяется.</p>\r\n        <h3>Как избежать бешенства?</h3>\r\n        <p>При укусе животных необходимо немедленно обратиться к врачу и получить лечение. Даже если животное не было заражено бешенством, может понадобится лечение от столбняка.</p>\r\n        <p>Если проявляются симптомы бешенства - смерть практически неизбежна.</p>', '2020-10-03', '41_ru.jpg', 0),
(4, 'Самая маленькая порода кошек', 'Эти ласковые кошки умные и интерактивные личности, которые любят быть с людьми', '<img src=\"../../assets/img/club/content_img/singapura.jpg\" class=\"rightimg\" alt=\"Сингапурская кошка\">\r\n        <p>Сингапурская кошка (Сингапура) является самой маленькой породой кошек, а так же энергичным спутником, который хочет помочь вам со всем, что вы делаете. В 1991 году правительство Сингапура признало кошек как живое национальное достояние.</p>\r\n        <p>Сингапура обладают уникальным светло-бежевым окрасом, чем-то похожим на пум. Хвост нормальной длины, ноги очень маленькие, тело мускулистое. Глаза могут быть карие, зеленый или желтый, но зрелый цвет глаз не предсказуемый у котят. Многие ветеринары, видя этих кошек впервые, склонны думать что что-то не так с котенком из за очень малого размера. Сингапурская кошка развивается медленно вырастает до взрослых размеров в возрасте примерно от 15 до 24-месяцев. Сингапурская кошка очень мускулистая и энергичная хотя и является самой маленькой породой кошек в мире. Вес взрослого кота не более 3 кг, а кошки - 2 кг. Рост - 15-20 см.</p>\r\n        <p>Сингапурские кошки умные и интерактивные личности. Это ласковые кошки, которые любят быть с людьми. Жизненно активная, нежная, игривая кошка с мягкой нежным голосом, прекрасно ладит с другими кошками. Несмотря на маленький размер Сингапура выделяет много тепла. Склонны забираться на возвышенности. Сингапурские кошки энергичны и игривы, любят быть в центре внимания.</p>', '2020-10-03', '45_ru.jpg', 0),
(5, 'Почему кошки не пахнут', 'Почему кошки не пахнут? Не случайно кошек прозвали чистюлями.', '&lt;img src=&quot;../../assets/img/club/content_img/cat.jpg&quot; class=&quot;rightimg&quot; alt=&quot;Вылизывающийся кот&quot;&gt;\r\n        &lt;p&gt;Понаблюдайте за кошкой и вы увидите, как много времени она уделяет своему туалету. Не случайно кошек прозвали чистюлями. Они действительно могут чуть ли не часами сидеть на месте, чистить свою мягкую пушистую шубку, умываться. И делают это довольно тщательно и умело. Вот кошка лижет левую лапку и трет ею щеки и за ухом. Сделав несколько круговых движений, она опять лижет эту же лапку и снова трет ею по тем же местам. И так много раз. Умываться мокрой от слюны лапкой лучше &mdash; скорее счищается пыль и грязь, которую кошка тут же слизывает с лапки. Потом такая же процедура повторяется с правой лапкой. Но вот с головой покончено. Кошка меняет позу, вытягивает вверх заднюю ногу и лижет шерсть на ней. Изогнулась &mdash; лижет живот, бок, заднюю часть крестца. Язычок у нее ярко-розовый, тонкий, но довольно шероховатый &mdash; чистит шубу лучше всякой щетки. Умывшись, кошка ложится, свертывается калачиком, нос к хвосту, закрывает глаза и спит или просто дремлет.&lt;/p&gt;\r\n        &lt;p&gt;Вследствие тщательного ухода за телом кошки почти ничем не пахнут. Это очень важно во время охоты, когда кошка подкарауливает мышей: если бы от кошки исходил запах, мышь издалека почуяла бы ее и не вылезла из норы. Чистоплотность кошек выражается и в том, что они приучаются оставлять свои испражнения в определенном месте. А потом обязательно загребают лапкой оставленное. Такова у них программа поведения: не оставлять за собой следов, по которым враг мог бы их обнаружить.&lt;/p&gt;', '2020-10-03', '36_ru.png', 0);

-- --------------------------------------------------------

--
-- Структура таблицы `carts`
--

CREATE TABLE `carts` (
  `cart_id` int(10) UNSIGNED NOT NULL,
  `cart_order_id` int(10) UNSIGNED NOT NULL,
  `cart_item_id` int(10) UNSIGNED NOT NULL,
  `cart_item_count` int(10) UNSIGNED NOT NULL
) ENGINE=InnoDB DEFAULT CHARSET=utf8;

--
-- Дамп данных таблицы `carts`
--

INSERT INTO `carts` (`cart_id`, `cart_order_id`, `cart_item_id`, `cart_item_count`) VALUES
(22, 20, 63, 1),
(23, 21, 25, 1),
(24, 21, 27, 2),
(25, 21, 31, 1),
(26, 21, 38, 1),
(27, 21, 47, 1),
(28, 22, 26, 1),
(29, 23, 26, 4),
(30, 24, 32, 1),
(31, 25, 30, 1),
(32, 26, 25, 2),
(33, 27, 27, 1),
(34, 28, 25, 1),
(35, 29, 36, 1),
(36, 30, 59, 1),
(37, 31, 56, 1),
(38, 32, 27, 1),
(39, 33, 28, 1),
(40, 34, 27, 2),
(41, 34, 28, 1),
(42, 35, 25, 1),
(43, 36, 41, 1),
(44, 37, 27, 1),
(45, 37, 28, 1),
(46, 37, 29, 2);

-- --------------------------------------------------------

--
-- Структура таблицы `categories`
--

CREATE TABLE `categories` (
  `category_id` int(10) UNSIGNED NOT NULL,
  `category_name` varchar(255) DEFAULT NULL,
  `category_is_deleted` tinyint(1) UNSIGNED NOT NULL DEFAULT 0
) ENGINE=InnoDB DEFAULT CHARSET=utf8;

--
-- Дамп данных таблицы `categories`
--

INSERT INTO `categories` (`category_id`, `category_name`, `category_is_deleted`) VALUES
(1, 'Корм', 0),
(2, 'Наполнители', 0),
(3, 'Средства для ухода', 0),
(4, 'Ошейники', 0),
(7, 'Клетки', 0),
(8, 'Игрушки', 0),
(9, 'Аквариумы', 0),
(10, 'Клетки и переноски', 0);

-- --------------------------------------------------------

--
-- Структура таблицы `connects`
--

CREATE TABLE `connects` (
  `connect_id` int(10) UNSIGNED NOT NULL,
  `connect_session_id` char(64) DEFAULT NULL,
  `connect_token` char(32) NOT NULL,
  `connect_user_id` int(10) UNSIGNED NOT NULL,
  `connect_token_time` timestamp NOT NULL DEFAULT current_timestamp() ON UPDATE current_timestamp()
) ENGINE=InnoDB DEFAULT CHARSET=utf8;

-- --------------------------------------------------------

--
-- Структура таблицы `delivery_types`
--

CREATE TABLE `delivery_types` (
  `delivery_type_id` int(10) UNSIGNED NOT NULL,
  `delivery_type_name` varchar(255) DEFAULT NULL
) ENGINE=InnoDB DEFAULT CHARSET=utf8;

--
-- Дамп данных таблицы `delivery_types`
--

INSERT INTO `delivery_types` (`delivery_type_id`, `delivery_type_name`) VALUES
(1, 'Самовывоз'),
(2, 'Курьером'),
(3, 'Почтой');

-- --------------------------------------------------------

--
-- Структура таблицы `gender`
--

CREATE TABLE `gender` (
  `gender_id` tinyint(1) UNSIGNED NOT NULL,
  `gender_name` varchar(30) DEFAULT NULL,
  `gender_short_name` char(1) DEFAULT NULL
) ENGINE=InnoDB DEFAULT CHARSET=utf8;

--
-- Дамп данных таблицы `gender`
--

INSERT INTO `gender` (`gender_id`, `gender_name`, `gender_short_name`) VALUES
(1, 'Мужской', 'М'),
(2, 'Женский', 'Ж');

-- --------------------------------------------------------

--
-- Структура таблицы `items`
--

CREATE TABLE `items` (
  `item_id` int(10) UNSIGNED NOT NULL,
  `item_name` varchar(255) DEFAULT NULL,
  `item_vendor_code` varchar(255) DEFAULT NULL,
  `item_unit_id` int(10) UNSIGNED NOT NULL,
  `item_unit_count` decimal(10,2) UNSIGNED DEFAULT 1.00,
  `item_count` int(10) UNSIGNED DEFAULT NULL,
  `item_manufacturer_id` int(10) UNSIGNED NOT NULL,
  `item_animal_type_id` int(10) UNSIGNED NOT NULL,
  `item_category_id` int(10) UNSIGNED NOT NULL,
  `item_structure` text DEFAULT NULL COMMENT 'Состав товара',
  `item_desc` text DEFAULT NULL COMMENT 'Описание товара',
  `item_price` decimal(10,2) UNSIGNED DEFAULT NULL,
  `item_is_deleted` tinyint(1) UNSIGNED NOT NULL DEFAULT 0,
  `item_avg_mark` decimal(3,2) UNSIGNED DEFAULT 0.00,
  `item_img_main` varchar(255) DEFAULT NULL COMMENT 'Главная картинка товара',
  `item_img_preview` varchar(255) DEFAULT NULL
) ENGINE=InnoDB DEFAULT CHARSET=utf8;

--
-- Дамп данных таблицы `items`
--

INSERT INTO `items` (`item_id`, `item_name`, `item_vendor_code`, `item_unit_id`, `item_unit_count`, `item_count`, `item_manufacturer_id`, `item_animal_type_id`, `item_category_id`, `item_structure`, `item_desc`, `item_price`, `item_is_deleted`, `item_avg_mark`, `item_img_main`, `item_img_preview`) VALUES
(25, 'Корм Pro Plan для кастрированных кошек, лосось', '227290', 3, '3.00', 200, 1, 1, 1, 'Лосось (18%), сухой белок птицы, пшеница, рис, кукурузный глютен, пшеничный глютен, животный жир, яичный порошок, кукуруза, минеральные вещества, высушенный корень цикория, клетчатка, вкусоароматическая кормовая добавка, дрожжи, консерванты, аминокислоты, рыбий жир, витамины.', 'Для поддержания здоровья стерилизованных кошек. PRO PLAN&reg; Sterilised сочетает все основные питательные вещества, включая витамины A, C и E и жирные кислоты омега-3 и омега-6, в богатой белками, нежирной рецептуре, которая также помогает обеспечить сбалансированный уровень pH мочи.', '290.00', 0, '0.00', '20_1600716705.jpg', '2_1600716705.jpg'),
(26, 'Корм для кошек PRO PLAN курица, рис', 'Т00007785', 3, '3.00', 230, 1, 1, 1, 'Курица (21%), сухой белок птицы, пшеница, рис, кукурузный глютен, пшеничный глючен, животный жир, кукуруза, яичный порошок, высушенный корень цикория, минеральные вещества, рыбий жир, вкусоароматическая кормовая добавка, дрожжи, консерванты, витамины, аминокислоты, антиоксиданты.', 'PRO PLAN Adult сочетает в себе все основные питательные вещества, включая витамины A, C и E, а также жирные кислоты омега-3 и омега-6, и натуральный пребиотик, и является высококачественным питательным кормом для кошек.  Содержит формулу OPTIRENAL&reg; &mdash; специальное сочетание питательных веществ, включая антиоксиданты, аргинин и омега-3 жирные кислоты, которые поддерживают здоровье почек. Высокий уровень антиоксидантов и витаминов в составе, в частности витамины С и Е, поддерживают здоровье иммунной системы. Поддерживает здоровье и подвижность суставов благодаря высокому уровню белка, который питает мускулы кошки и помигает им оставаться подтянутыми. Защита зубов от образования зубного налета и камня благодаря хрустящей текстуре гранул и специальным минералам, препятствующим образованию зубного камня.', '230.00', 0, '0.00', '11_1600717094.jpg', '10_1600717094.jpg'),
(27, 'Корм для кошек PRO PLAN для стерилизованных и кастрированных, индейка', 'Т0027188', 3, '3.00', 200, 1, 1, 1, 'Индейка (20%), сухой белок птицы, рис, кукурузный глютен, кукуруза, пшеничный глютен, волокна пшеницы, клетчатка, яичный порошок, минеральные вещества, рыбий жир, животный жир, консерванты, вкусоароматическая кормовая добавка, дрожжи, витамины, аминокислоты.', 'Корм PRO PLAN Sterilised содержит формулу OPTIRENAL&reg; &mdash; специальное сочетание питательных веществ, включая антиоксиданты, аргинин и омега-3 жирные кислоты, которые поддерживают здоровье почек. Поддерживает здоровье мочевыделительной системы у кастрированных кошек, подверженных повышенному риску развития мочекаменной болезни. Помогает поддерживать идеальный вес тела благодаря точному балансу белков, жиров и углеводов. Высокое содержание белка и низкое содержание жира.  После стерилизации пищевые потребности кошки меняются. Изменения в гормонах могут привести к снижению физической активности и перееданию. Впоследствии кошка может набирать лишний вес, что увеличивает риск инфекций нижних мочевыводящих путей. Корм PRO PLAN&reg; Sterilized предлагает сбалансированное питание, полностью отвечающее потребностям стерилизованных кошек. Рацион способствует укреплению здоровья мочевыделительной системы и поддержанию оптимального веса тела. Содержит формулу OPTIRENAL&reg; &mdash; специальное сочетание питательных веществ, включая антиоксиданты, аргинин и омега-3 жирные кислоты, которые поддерживают здоровье почек.', '220.00', 0, '0.00', '11_1600717575.jpg', '12_1600717575.jpg'),
(28, 'Корм Pro Plan для стерилизованных котят, с высоким содержанием лосося', 'Т0027188', 3, '3.00', 235, 1, 1, 1, 'Лосось (18%), сухой белок птицы, рис, пшеничный глютен, пшеница, кукурузный глютен, животный жир, белок гороха, минеральные вещества, кукурузный крахмал, яичный порошок, гидролизат белков животного происхождения, дрожжи, консерванты, витамины, рыбий жир, сухое молозиво (0.1%), аминокислоты, антиоксиданты.', 'Корм Purina Pro Plan для стерилизованных котят содержит особую, разработанную с участием ученых, комбинацию ингредиентов для поддержания здоровья кошек в течение продолжительного времени.', '200.00', 0, '0.00', '12_1600717950.jpg', '12_1600717950.jpg'),
(29, 'Корм для котят PRO PLAN с чувствительным пищеварением, индейка', 'ПР0035304', 3, '3.00', 100, 1, 1, 1, 'Индейка (17%), рис, сухой белок индейки, концентрат белка гороха, животный жир, соевый белок, кукурузный глютен, кукурузный крахмал, высушенный корень цикория (2%), минеральные вещества, вкусоароматическая кормовая добавка, дрожжи, аминокислоты, витамины, рыбий жир.', 'PRO PLAN для котят &mdash; корм с высоким содержанием белка, сочетающий все необходимые питательные вещества, включая витамины С и D3, а также Омега-3 жирную кислоту. Легко усвояемый корм для котят с чувствительным пищеварением. Разработанная с участием ученых комбинация ингредиентов для поддержания здоровья котят в течение длительного времени. С высоким содержанием белка и сочетанием необходимых питательных веществ.   OPTIDIGEST &mdash; здоровое пищеварение. Доказано, что формула OPTIDIGEST укрепляет здоровье пищеварительной системы, благодаря пребиотикам. Помогает улучшать пищевую переносимость благодаря ограниченному количеству источников белка.', '236.00', 0, '0.00', '11_1600718029.jpg', '11_1600718029.jpg'),
(30, 'Корм для котят ROYAL CANIN от 1 до 4 месяцев', '10023113', 1, '1.50', 200, 5, 1, 1, 'Дегидратированные белки животного происхождения (птица), животные жиры, рис, изолят растительных белков*, мука из зерновых культур, гидролизат белков животного происхождения (вкусоароматические добавки), растительная клетчатка, дрожжи и побочные продукты брожения, рыбий жир, минеральные вещества, соевое масло, фруктоолигосахариды (0,35 %), гидролизат дрожжей (источник мaннановых олигосахаридов), экстракты дрожжей (источник бета-глюканов), экстракт бархатцев прямостоячих (источник лютеина).', 'Если Ваш кошка ожидает котят или недавно родила, важно, чтобы и она, и ее потомство правильно питались: это залог здоровья матери и котят.  Корм ROYAL CANIN Mother &amp; Babycat удовлетворяет потребности кошек в питании в период беременности и лактации, а также котят в возрасте 1-4 месяцев.  Продукт помогает поддерживать естественные защитные механизмы котят благодаря уникальному комплексу антиоксидантов, включающему витами Е.  Мягкая текстура крокет помогает котятам легко разгрызать продукт, помогая им постепенно привыкнуть к твердой пище. ROYAL CANIN Mother &amp; Babycat обладает очень высокой усвояемостью.  Корм обогащен ДГК &ndash; жирной кислотой класса омега-3, которая способствует развитию мозга котенка.', '190.00', 0, '0.00', '11_1600718504.jpg', '12_1600718504.jpg'),
(31, 'Корм для котят ROYAL CANIN от 4 до 12 месяцев', 'Т0027188', 3, '1.50', 200, 5, 1, 1, 'Дегидратированные белки животного происхождения (птица), рис, изолят растительных белков*, животные жиры, мука из зерновых культур, гидролизат белков животного происхождения (вкусоароматические добавки), растительная клетчатка, дрожжи и побочные продукты брожения, минеральные вещества, рыбий жир, соевое масло, оболочка и семена подорожника, фруктоолигосахариды (0,38 %), гидролизат дрожжей (источник мaннановых олигосахаридов), экстракты дрожжей (источник бета-глюканов), экстракт бархатцев прямостоячих (источник лютеина).', 'Период роста &ndash; важнейшая стадия жизни вашего котенка: это время серьезных изменений, новых открытий и испытаний. Поэтому Вы должны быть уверены, что котенок получает все необходимые питательные вещества, поддерживающие его рост и гармоничное развитие. Вторая фаза роста особенно значима для котят: в это период постепенно завершается развитие иммунной системы.  Корм ROYAL CANIN Kitten поможет укрепить защитные механизмы котенка в этот период &ndash; главным образом, за счет запатентованного комплекса антиоксидантов, в который включен и чрезвычайно важный для иммунной системы витамин E.  Корм ROYAL CANIN Kitten предназначен для котят в возрасте до 12 месяцев и обладает повышенной усвояемостью благодаря высококачественным (усваиваются на 90%) белкам L.I.P.', '200.00', 0, '0.00', '12_1600718840.jpg', '11_1600718840.jpg'),
(32, 'Корм для кошек ROYAL CANIN для домашних', 'Т00008714', 3, '2.00', 200, 5, 1, 1, 'Пшеница, рис, дегидратированные белки животного происхождения (птица), изолят растительных белков*, мука из зерновых культур, животные жиры, растительная клетчатка, гидролизат белков животного происхождения (вкусоароматические добавки), минеральные вещества, соевое масло, дрожжи и побочные продукты брожения, рыбий жир, фруктоолигосахариды, оболочки и семена подорожника (0,5 %).', 'Взрослые кошки, постоянно содержащиеся в помещении, менее активны по сравнению с животными, имеющими доступ на улицу. Вот почему для их здоровья так важен полноценный сбалансированный рацион, богатый ценными питательными веществами.  ROYAL CANIN Indoor 27 содержит белки высокой усвояемости (L.I.P.), уменьшающие объем и неприятный запах стула (последнее особенно актуально для малоактивных кошек в связи с замедленным кишечным транзитом).  Умеренное содержание жиров в продукте обеспечивает соответствие между потреблением и расходованием энергии и сохранение нормального веса.  Как правило, кошки, живущие в помещении, долго и тщательно ухаживают за шерстью. Благодаря присутствию в составе корма нескольких видов пищевой клетчатки, в частности семян подорожника, облегчается выведение из пищеварительного тракта проглоченной шерсти и снижается вероятность образования волосяных комочков.', '230.00', 0, '0.00', '2_1600719172.jpg', '1_1600719172.jpg'),
(33, 'Корм для кошек ROYAL CANIN для склонных к полноте, птица', 'ПР0053556', 3, '10.00', 230, 5, 1, 1, 'Дегидратированные белки животного происхождения (птица), изолят растительных белков*, растительная клетчатка, злаки, мука из зерновых культур, гидролизат белков животного происхождения (вкусоароматические добавки), животные жиры, минеральные вещества, дрожжи и побочные продукты брожения, рыбий жир, оболочка и семена подорожника, соевое масло.', 'Оптимальные физическая форма и мышечная масса &ndash; факторы, во многом определяющие состояние здоровья кошек. Точно сбалансированная формула ROYAL CANIN&reg; Light Weight Care поможет поддерживать оптимальный вес животного. Продукт содержит специально разработанный комплекс различных видов клетчатки, в том числе семя подорожника, увеличивающий объем корма в желудке, надолго обеспечивающий чувство сытости и, за счет этого, снижающий спонтанное потребление корма.  ROYAL CANIN&reg; Light Weight Care обогащен L-карнитином, поддерживающим нормальный метаболизм жиров. Высокое содержание белков в сочетании с пониженным содержанием жиров позволяет сохранить мышечную массу без набора веса. Клинические исследования подтвердили, что при кормлении кошки только продуктом ROYAL CANIN&reg; Light Weight Care в течение 8 недель, вес снижается у более 90% животных.* Внутреннее исследование RC', '550.00', 0, '0.00', '2_1600719289.jpg', '1_1600719289.jpg'),
(34, 'Корм для кошек ROYAL CANIN при чувствительном пищеварении', 'Т00008785', 3, '4.00', 245, 5, 1, 1, 'Животные жиры, рис, дегидратированные белки животного происхождения (птица), пшеница, дегидратированные белки животного происхождения (свинина), изолят растительных белков*, мука из зерновых культур, гидролизат белков животного происхождения (вкусоароматические добавки), минеральные вещества, растительная клетчатка, дрожжи и побочные продукты брожения, рыбий жир, соевое масло, фруктоолигосахариды.', 'Пищеварительная система некоторых кошек чувствительна к определенным типам питания. Если у вашей кошки отмечаются проблемы с пищеварением, то, возможно, потребуется пересмотреть ее рацион.  ROYAL CANIN Sensible 33 разработан для взрослых кошек в возрасте 1-7 лет с чувствительной пищеварительной системой и содержит уникальную комбинацию питательных веществ для обеспечения оптимальной работы пищеварения и пребиотики для поддержания баланса кишечной микрофлоры.  ROYAL CANIN Sensible 33 обладает высокой вкусовой привлекательностью и состоит из крокет трех различных форм.  Тщательно отобранные ароматические компоненты стимулируют аппетит кошек и облегчают пищеварение. Кроме того, ROYAL CANIN Sensible 33 поддерживает здоровье мочевыделительной системы взрослой кошки.  Кошку можно продолжать кормить ROYAL CANIN Sensible 33 и после того, как ее пищеварение нормализуется: продукт не только стабилизирует работу ЖКТ, но и поддерживает здоровье пищеварительной системы в дальнейшем.', '310.00', 0, '0.00', '2_1600719417.jpg', '1_1600719417.jpg'),
(35, 'Наполнитель для кошачьего туалета ХОРОШКА древесный 15л', 'ПР0031332', 3, '5.00', 129, 6, 1, 2, 'Древесина хвойных пород', 'Древесный наполнитель ХОРОШКА для кошек произведен из 100% древесины хвойных пород без химических добавок и связующих. Гранулированные опилки &ndash; это 100% натуральный и экологически чистый наполнитель, который отлично подходит для кошачьих лотков. Гранулы прошли процесс сушки и очистки от пыли, а древесина хвойных пород обладает антисептическими свойствами. Наполнитель Хорошка не вызывает аллергию, поскольку производится без ароматизаторов и добавок. Инструкция по применению: насыпьте наполнитель ХОРОШКА слоем 5-7 см в лоток. Каждый день удаляйте твердые отходы. Полную замену наполнителя в лотке необходимо осуществлять раз в 5-6 дней. Лоток необходимо мыть после каждой замены наполнителя. Кошачьи экскременты могут служить переносчиками токсоплазмоза, поэтому беременным женщинам не рекомендуется контактировать с кошачьим лотком. Протокол №1375-14 от 30.09.2014г. проведенных исследований АНО &laquo;Центр Экспертизы&raquo; подтверждает, что 1кг древесного наполнителя ХОРОШКА впитывает 3л жидкости. Впитываемость данной упаковки древесного наполнителя ХОРОШКА составляет до 15л. Наполнитель не подлежит обязательной сертификации. Срок годности - не ограничен (при соблюдении условий хранения). Вскрытый пакет хранить не более 12 месяцев при соблюдении условий хранения. Сделано в России.', '229.00', 0, '0.00', '2_1600719853.jpg', '1_1600719853.jpg'),
(36, 'Наполнитель для кошачьего туалета ЧИСТЫЕ ЛАПКИ древесный 12л', 'Т00018430', 3, '4.56', 123, 7, 1, 2, '100% скандинавская сосна.', 'Использование древесного наполнителя &quot;Чистые лапки&quot; облегчает жизнь владельцам домашних животных. Сделан по особой технологии из экологически чистой скандинавской сосны. Этот наполнитель также идеально подходит в качестве подстилки для кроликов, морских свинок и хомячков. Инструкция по применению: насыпьте наполнитель в лоток кошачьего туалета слоем до 3 см.', '235.00', 0, '0.00', '2_1600719994.jpg', '1_1600719994.jpg'),
(37, 'Наполнитель для кошачьего туалета Cats Best древесный комкующийся 20л', '4242430000', 1, '8.60', 200, 8, 1, 2, 'Древесина', 'Древесный комкующийся наполнитель, который можно выбрасывать в унитаз. Благодаря новой технологии активно поглощает неприятные запахи: биоразлагаемый,экономичный и практически не пылит.', '159.00', 0, '0.00', '2_1600720519.jpg', '1_1600720519.jpg'),
(38, 'Наполнитель для кошачьего туалета NEO LOO LIFE Комкующийся на основе дробл. древесины кипариса', 'ПР0029186', 3, '8.00', 38, 9, 1, 2, 'Древесина кипариса', 'Экономичный и безопасный наполнитель для кошачьего туалета поможет Вам содержать дом и Вашего питомца в чистоте! Наполнитель не содержит глину, химикаты, ароматизаторы. Гранулы на основе древесины кипариса, благодаря пористой структуре, моментально впитывают влагу и неприятные запахи, при этом скатываются и меняют свой цвет. Древесина кипариса содержит фитонциды, которые оказывают мощный антибактериальный эффект. В отличие от глиняных или древесных наполнителей Neo Noo Life можно смыть в канализацию.', '600.00', 0, '0.00', '2_1600720717.jpg', '1_1600720717.jpg'),
(39, 'Наполнитель для кошачьего туалета ЗООНИК комкующийся 5л', 'Т0026920', 3, '4.00', 340, 10, 1, 2, 'Бентонитовые глины', 'Изготовлен в соответствии со стандартами лучших мировых производителей из экологически чистых бентонитовых глин, прошедших термическую и санитарную обработку. В отличие от других подобных материалов, не пылит и не измельчается в процессе фасовки, транспортировки и использования. Гигроскопический продукт эффективно впитывает влагу, не позволяя ей дойти до дна лотка, что предотвращает образование микробов и характерных, неприятных запахов. Пакеты оснащены дополнительной опцией &mdash; зип-лок застежка.', '155.00', 0, '0.00', '2_1600720869.jpg', '1_1600720869.jpg'),
(40, 'Наполнитель для кошачьего туалета ХОРОШКА впитывающий 5л', 'ПР0033931', 3, '2.00', 120, 6, 1, 2, 'Тоберморит', 'Впитывающий наполнитель ХОРОШКА соответствует самым высоким стандартам качества: мелкопористые гранулы быстро поглощают большое количество жидкости, моментально блокируют рост бактерий и не допускают появления запаха (в течение нескольких дней). Наполнитель прошел многократную противопылевую обработку, не содержит отбеливатель, не токсичен и не вызывает аллергию.  Наполнитель подходит для всех пород кошек: не пачкает шерсть, не раздражает чувствительную кожу и не прилипает к лапкам. Его можно использовать для котят.', '120.00', 0, '0.00', '2_1600720968.jpg', '1_1600720968.jpg'),
(41, 'Шампуневые полотенца для кошек JAPAN PREMIUM PET с шелковым протеином и медом 20х30см, 25шт', 'ПР0046981', 5, '1.00', 126, 11, 1, 3, 'Ткань, пропитанная органическим составом.', 'Влажное полотенце, пропитанное органическим составом. Экстракт меда обладает успокаивающим действием, убирает раздражение, покраснения и зуд, укрепляет шерсть. Устраняет запах животного. Не требует воды. Незаменимое средство во время линьки животного. Снимает статику. Без запаха. На разовый уход необходимо в среднем 12 полотенца. Упаковка рассчитана на 12-13 применений. Идеально подходит для котят и взрослых кошек Размер полотенца: 20х30 см. В упаковке 25 шт.', '319.00', 0, '0.00', '2_1600721226.jpg', '1_1600721226.jpg'),
(42, 'Шампунь для кошек 8 in 1 укрепляющий шерсть', 'Т00000158', 6, '295.00', 234, 8, 1, 3, '', '8in1 Perfect Coad Shed Control &amp; Hairball Shampoo шампунь для кошек против линьки и колтунов 295 мл. &bull; Шампунь для регуляции линьки предназначен для уменьшения чрезмерного выпадения шерсти и предотвращения образования волосяных комков в желудке у кошек. &bull; Антиоксиданты и омега-3 жирные кислоты хорошо увлажняют, питают шерсть, придают ей яркость и здоровый вид. &bull; С ароматом тропических фруктов. &bull; Легко смываемая формула. &bull; Обильно нанесите на влажную шерсть. Распределите шампунь массирующими движениями, продвигаясь от головы к хвосту и избегая попадания шампуня в глаза. Полностью смойте водой. При необходимости повторить. Расчешите шерсть, чтобы она не спуталась, и высушите полотенцем.', '120.00', 0, '0.00', '2_1600721364.jpg', '1_1600721364.jpg'),
(43, 'Шампунь-кондиционер Mr.Bruno MS.KISS Роскошная львица для длинной шерсти 200мл', 'ПР0018874', 4, '233.00', 122, 12, 1, 3, 'Кератин, ланолин, биотин ', 'Рекомендуется для длинношерстных пород кошек: персидской, мейн-куна, невской маскарадной, турецкой ангоры и др. Ланолин кондиционирует шерсть и оказывает антистатическое действие. Кератин придает эластичность и блеск длинной шерсти. Биотин снимает зуд, раздражение, шелушение кожи и укрепляет корни волос.', '259.00', 0, '0.00', '2_1600721527.jpg', '1_1600721527.jpg'),
(44, 'Нейтрализатор запаха WELLROOM с удалителем кошачьих меток 500мл', 'ПР0054566', 4, '560.00', 56, 13, 1, 3, 'Энзимы, ароматизаторы лимона и грейпфрута.', 'Нейтрализатор запаха с удалителем меток Wellroom поможет сохранить чистоту и свежесть дома хозяевам котов и кошек. Энзимы в составе расщепляют органические загрязнения, не оставляя следов от меток. Нейтрализатор действует на молекулярном уровне, не маскируя запахи, а связывая их молекулы. Эффективно обеззараживает поверхности и способно удалить запахи в труднодоступных местах. Высыхает без разводов, оставляя ненавязчивый аромат лимона и грейпфрута с нотами корицы. Когда пригодится? Для поддержания чистоты в доме, когда вы приучаете котят к лотку. Помогает удалить старые метки и предотвратить новые за счет полного исчезновения запаха. Незаменим, если нужно избавиться от въедливого запаха мочи на мебели, сумках и обуви, пострадавших от меток. Нейтрализатор выручит, если требуется устранить запахи экскрементов, слюны и рвоты после уборки. Создано с заботой о вашем доме, безопасно для животных, людей и окружающей среды.', '449.00', 0, '0.00', '2_1600721669.jpg', '1_1600721669.jpg'),
(45, 'Гель для чистки зубов TROPICLEAN для кошек, 59 мл', 'ПР0044797', 4, '59.00', 230, 14, 1, 3, 'Фтор, паста.', 'Гель для зубов Тропиклин устраняет зубной налет и зубной камень у собак и кошек. Не требует применение зубной щетки. Убивает микробы, которые вызывают неприятный запах изо рта, зубной налёт и гингивит. Уменьшает воспаление десен.', '949.00', 0, '0.00', '2_1600721787.png', '1_1600721787.png'),
(46, '8 IN 1 NATURES MIRACLE Спрей для кошек успокаивающий No Stress, 237мл', 'ПР0026070', 4, '304.00', 56, 15, 1, 3, 'Феромоны и растительные экстракты.', 'Натуральные успокаивающие феромоны и растительные экстракты безопасно и эффективно уменьшают беспокойство кошки, помогают минимизировать воздействие стрессовой ситуации. Не обладает седативным действием.', '487.00', 0, '0.00', '2_1600721880.jpg', '1_1600721880.jpg'),
(47, 'Груминг-спрей APICENNA для кошек от колтунов шелковый 110мл', 'ПР0049886', 4, '110.00', 100, 16, 1, 3, 'Вода питьевая, антистатик, кондиционер, нативный коллаген, гиалуроновая кислота, лимонная кислота, микрокер ИТ, парфюмерную композиция.', 'Груминг-спрей представляет собой прозрачную жидкость от бесцветного до светло-желтого цвета со специфическим, характерным для парфюмерной композиции запахом, в своем составе содержит: воду питьевую, антистатик, кондиционер, нативный коллаген, гиалуроновую кислоту, лимонную кислоту, микрокер ИТ и парфюмерную композицию.  Входящие в состав спрея компоненты способствуют улучшению обменных процессов в коже и волосяных луковицах, восстановлению эластичности волос, оказывают смягчающее и увлажняющее действие на кожу, облегчают расчесывание шерсти, придают ей шелковистость и блеск, предотвращают спутывание шерсти и образование &laquo;колтунов&raquo;.  Перед использованием флакон со спреем встряхивают и нажимают на курковый распылитель, наносят раствор на чистую после мытья шампунем, влажную шерсть, раздвигая её на пряди, из расчета 0,5-1 мл (одно &ndash; два нажатия на распылительную головку) на 1 кг массы животного. Затем не смывая спрей, шерсть расчесывают гребнем и высушивают. При обработке животного следует избегать попадания спрея в глаза.', '199.00', 0, '0.00', '2_1600722022.png', '1_1600722022.png'),
(48, 'Корм для собак PRO PLAN для средних пород беззерновой индейка', 'ПР0049079', 3, '2.50', 200, 1, 2, 1, 'Индейка (16%), сухой белок курицы, гороховый крахмал, маниок (12%), высушенный горох, животный жир, соевая мука, белок гороха, высушенная мякоть свеклы, гидролизат белков животного происхождения, яичный порошок, минеральные вещества, бентонит, рыбий жир, витамины, антиоксиданты (токоферолы природного происхождения).', 'Корм PRO PLAN OPTIDIGEST Grain Free Formula разработан специально для собак средних и крупных пород с чувствительным пищеварением - это беззерновой легкоперевариваемый рацион, который содержит все необходимые ингредиенты для правильного пищеварения.  В его основе - комплекс OPTIDIGEST - особое сочетание питательных веществ, которое помогает поддерживать баланс микрофлоры. Он содержит специальные ингредиенты для поддержания здоровья кишечника и хорошего качества стула.', '650.00', 0, '0.00', '2_1600722155.png', '1_1600722155.png'),
(49, 'Корм для собак PRO PLAN для мелких пород беззерновой индейка', 'ПР0049078', 3, '2.50', 56, 1, 2, 1, 'Индейка (17%), сухой белок курицы, гороховый крахмал, маниок (12%), белок гороха, животный жир, высушенный горох, высушенная мякоть свеклы, гидролизат белков животного происхождения, соевая мука, яичный порошок, минеральные вещества, рыбий жир, бентонит, дрожжи, аминокислоты, витамины, антиоксиданты(токоферолы природного происхождения).', 'Корм PRO PLAN OPTIDIGEST Grain Free Formula разработан специально для собак мелких пород с чувствительным пищеварением - это беззерновой легкоперевариваемый рацион, который содержит все необходимые ингредиенты для правильного пищеварения.  В его основе - комплекс OPTIDIGEST - особое сочетание питательных веществ, которое помогает поддерживать баланс микрофлоры. Он содержит специальные ингредиенты для поддержания здоровья кишечника и хорошего качества стула.', '499.00', 0, '0.00', '2_1600722231.jpg', '1_1600722231.jpg'),
(50, 'Ошейник светящийся для собак TRIXIE Мигающее кольцо USB XS&ndash;S: 35см нейлон зеленый USB', 'ПР0039691', 4, '33.00', 200, 17, 2, 4, 'Термопластичный полиуретан, нейлон.', '2 световых режима: мигание/непрерывное свечение. &bull; материал: ТПУ (термопластичный полиуретан)/нейлон. &bull; заряжается с помощью USB-кабеля. &bull; индивидуально регулируется (излишки отрезаются). &bull; с водоотталкивающим покрытием. &bull; продолжительность работы: около 8 часов в режиме мигания и около 5 часов в режиме непрерывного свечения. &bull; в комплект входит USB-кабель и отвёртка.', '1090.00', 0, '0.00', '2_1600722344.jpg', '1_1600722344.jpg'),
(51, 'Шампунь ПЧЕЛОДАР Антибактериальный с хлоргексидином 5%', 'ПР0045472', 4, '250.00', 200, 18, 2, 3, 'Хлоргексидин-5%, экстракт прополиса.', 'Шампунь Антибактериальный пролонгированного действия с хлоргексидином-5% и экстрактом прополиса предназначен для профилактики и лечения заболеваний кожи животных. Входящий в состав хлоргексидина биглюконат-5% оказывает широкий бактерицидный спектр действия на микроорганизмы, вызывающие различные кожные заболевания у животных. Экстракт прополиса препятствует размножению бактерий, обладает выраженным фунгицидным (противогрибковым), противовоспалительным, обезболивающим, противозудным и ранозаживляющим действием. Аллантоин оказывает успокаивающее, защитное, смягчающее и увлажняющее действие на кожу и волосы, стимулирует заживление ран и обновление клеток эпидермиса.', '415.00', 0, '0.00', '2_1600722512.jpg', '1_1600722512.jpg'),
(52, 'Корм для экзотических птиц RIO', 'Т0048542', 4, '500.00', 56, 19, 3, 1, 'Зерновая смесь.', 'RIO корм для экзотических птиц. Основной рацион - тщательно сбалансированная зерновая смесь, в состав которой отобраны самые полезные и любимые амадинами, астрильдами и другими видами ткачиков зерна и семена. Их разнообразие обеспечит птицу всеми необходимыми питательными веществами.', '137.00', 0, '0.00', '2_1600722610.jpg', '1_1600722610.jpg'),
(53, 'Клетка для птиц TRIOL 9100G золото 42х30х56см', 'Т0024368', 3, '2.80', 200, 20, 3, 7, 'Пластмасса, железо.', 'Красивая, просторная и прочная клетка для волнистых попугаев, неразлучников, корелл, канареек, амадин и других подобных птиц. Такая клетка отлично впишется в любой интерьер и станет комфортным домом для Вашего пернатого друга. Выдвижной поддон для быстрой и удобной уборки, решетка на дне клетки предотвратит доступ птиц к отбросам. Поддон у клетки глубокий, что обеспечит чистоту в квартире. Одна дверца на передней панели и две маленькие на торцевой для удобного доступа в клетку. Решетка не содержит цинка, свинца и меди, золотистое покрытие безопасно для птиц.', '2680.00', 0, '0.00', '2_1600722736.jpg', '1_1600722736.jpg'),
(54, 'Игрушка для птиц TRIXIE Деревянное зеркало с жердочкой 9x9см', 'Т0022869', 4, '78.00', 56, 17, 3, 8, 'Древесина, зеркало.', 'Деревянное зеркало с жердочкой.', '156.00', 0, '0.00', '2_1600722830.jpg', '1_1600722830.jpg'),
(55, 'Корм для рыб TETRA Min Holiday отпуск 14 дней, твердый гель', 'Т00019442', 4, '44.00', 200, 21, 5, 1, 'Моллюски и раки (дафния 7%), дрожжи.', 'Здоровое питание в течение 14 дней. Запатентованный блок для кормления с необходимыми витаминами, микроэлементами, минералами и вкусной дафнией.', '339.00', 0, '0.00', '2_1600722919.jpg', '1_1600722919.jpg'),
(56, 'Аквариумный комплекс TETRA Cascade Globe шар, LED светильник, фильтр со сменными картриджами 6,8л', 'ПР0019954', 3, '2.29', 56, 21, 5, 9, 'Стекло, пластик.', 'Дизайнерский стеклянный аквариум объемом 6,8л с маленьким фильтром и LED-освещением, а также с инновационной функцией создания водопада. Круглый аквариум с фильтрующим элементом обеспечивает комфортные жизненные условия обитателям в сравнению с обычными круглыми аквариумами без фильтрации.', '3910.00', 0, '0.00', '2_1600723022.jpg', '1_1600723022.jpg'),
(57, ' Корм для грызунов Little One для морских свинок', 'Т0046800', 4, '400.00', 56, 22, 4, 1, 'Травяные гранулы, воздушные ингредиенты и хлопья, семена, овощи, редкие плоды.', 'Полнорационный корм с добавлением витаминов и минеральных веществ. Разработан с учетом специфических потребностей морских свинок и содержит повышенное количество витамина С, жизненно необходимого для их здоровья. Разнообразный состав корма включает в себя травяные гранулы, воздушные ингредиенты и хлопья, семена, овощи и редкие плоды.', '133.00', 0, '0.00', '2_1600723152.jpg', '1_1600723152.jpg'),
(58, ' Дом для грызунов GREEN FARM Изба для мелких грызунов И-221', 'Т0022229', 4, '200.00', 100, 23, 4, 10, 'Просушенная и обессмоленая древесина сосны высшего и первого сортов.', 'Домики ТМ Green Farm производятся из просушенной и обессмоленой древесины сосны высшего и первого сортов. Сосна имеет тонкий аромат древесины, имитирующий естественную среду обитания зверьков. Для грызунов деревянный домик это не только укрытие, но и идеальный материал для стачивания зубов. Поверхность изделий не обрабатывается химическими покрытиями, а при сборке используется только безопасный и нетоксичный клей ПВА, без скоб и гвоздей.', '269.00', 0, '0.00', '2_1600723275.jpg', '1_1600723275.jpg'),
(59, 'Игрушка для грызунов TRIXIE Качели для хомяка 25х9см', 'Т0024076', 4, '252.00', 230, 17, 4, 8, 'Древесина.', 'Качели деревянные.', '619.00', 0, '0.00', '2_1600723487.jpg', '1_1600723487.jpg'),
(61, 'Корм для кошек Hills Science Plan для стерилизованных, курица', 'Т00020426', 3, '1.50', 230, 24, 1, 1, 'Курица(18%), сухой белок птицы, пшеница, рис, кукурузный глютен, пшеничный глютен, животный жир, яичный порошок, кукуруза, минеральные вещества, высушенный корень цикория, клетчатка, вкусоароматическая кормовая добавка, дрожжи, консерванты, аминокислоты, рыбий жир, витамины.', 'Стерилизованные кошки или кастрированные коты, склонны к набору избыточного веса, поскольку у них увеличивается аппетит и снижается активность. Также у них увеличивается вероятность возникновения проблем с функциями почек и мочевого пузыря. Сухой корм для молодых стерилизованных кошек и кастрированных котов, с курицей HILLS SCIENCE PLAN Sterilised Cat содержит уникальную формулу контроля веса, поддерживающую идеальный вес, а также сбалансированный набор минералов для поддержания здоровья функций почек и мочевого пузыря.  Мы с гордостью представляем вам новый образ любимого корма Hills Science Plan. В некоторых из кормов также изменились названия, форма гранул и формулы.', '750.00', 0, '0.00', '1_1_1602018028.jpg', '1_1602018028.jpg'),
(62, 'Корм для кошек ROYAL CANIN Sterilised для стерилизованных', 'Т0033449', 3, '2.00', 200, 5, 1, 1, 'Дегидратированные белки животного происхождения (птица), изолят растительных белков*, пшеница, мука из зерновых культур, растительная клетчатка, животные жиры, гидролизат белков животного происхождения (вкусоароматические добавки), рис, минеральные вещества, рыбий жир, дрожжи и побочные продукты брожения, соевое масло, фруктоолигосахариды, хлорид аммония.', 'После стерилизации необходимо пересмотреть рацион кошки с учетом изменившихся потребностей в энергии. ROYAL CANIN Sterilised 37 помогает снизить риск появления избыточного веса, благодаря умеренному содержанию жиров, при соблюдении рекомендуемых норм кормления.  Тщательно выверенное количество минеральных веществ в составе ROYAL CANIN Sterilised 37 способствует поддержанию здоровья мочевыделительной системы кошки, а повышенный уровень белка помогает сохранять оптимальную мышечную массу.', '860.00', 0, '0.00', '2_1_1602019012.jpg', '2_1602019012.jpg'),
(63, 'Корм для собак DUKES FARM для мелких пород, курица', 'ПР0027391', 3, '2.00', 200, 25, 2, 1, 'Cвежее мясо курицы (28%), куриная мука (18,5%), белый рис, овес, ячмень, свежая форель (4%), свежий лосось (3%), куриный жир, кукурузная мука, куриный соус, свекольный жом, минералы, витамины, льняное масло, морские водоросли, клюква, крапива двудомная, маннан-олигосахариды, фрукто-олигосахариды, экстракт из Юкки Шидигера, шелуха семян подорожника, бета-каротин', 'DUKES FARM - то, что нужно вашей собаке: полноценное сбалансированное питание, в состав которого входят только высококачественные натуральные ингредиенты, без добавления искусственных красителей, ароматизаторов и консервантов.  Корм DUKES FARM с высоким содержанием мяса (53%) и белков (28%) идеально подходит энергичным взрослым собакам мелких пород.   В корме идеально сбалансированы курица, форель и лосось &ndash; высокоусвояемые виды белка, богатые аминокислотами.   Высокое содержание свежего мяса и рыбы (35%) обеспечивает быстрое насыщение и усвояемость корма.  Омега-3 и Омега-6 жирные кислоты и витамин А в составе помогают поддерживать красоту шерсти и здоровье кожи. Входящие в состав пребиотики обеспечивает здоровое состояние микрофлоры кишечника. Экстракт клюквы помогает поддерживать здоровье мочеполовой системы. Морские водоросли обеспечивают хорошую работу щитовидной железы, сердца и органов пищеварения. Экстракт Юкки Шидигера активизирует пищеварение и работу печени, способствует нормальному функционированию кишечника.', '670.00', 0, '0.00', '3_1_1602019373.jpg', '3_1602019373.jpg'),
(64, 'Корм для кошек PROFINE Original Adult курица, рис', 'ПР0018428', 4, '300.00', 340, 5, 1, 1, 'Курица 40% (мука из мяса курицы 25%, дегидрированное мясо курицы 15%), кукуруза, рис (20%), куриный жир (сохранен при помощи смеси токоферолов) (8%), гидролизованная куриная печень (2%), рыбий жир из лосося (2%), сушеное яблоко, пивные дрожжи, креветки (1,5%), морские водоросли (0,5%), смесь трав (фенхель, базилик, шалфей 0,02%), корень цикория (источник маннан-олигосахаридов 0,015%), фрукто-олигосахариды (0,012%), экстракт юкки (0,008%)', 'Рецептуры суперпремиальных кормов Profine основаны на последних исследованиях в области питания кошек и разработаны ведущими европейскими специалистами по питанию в сотрудничестве с заводчиками в Скандинавии.  Рецептуры Profine содержат безопасные и натуральные ингредиенты и гарантируют сбалансированное питание для вашей кошки.  Уникальное сочетание мяса, риса и функциональных ингредиентов обеспечивает здоровое пищеварение, достаточное количество энергии и отличное физическое состояние кошки, а добавленный комплекс морепродуктов (креветки и масло лосося) обеспечивает сбалансированное соотношение Омега-3 и Омега-6 жирных кислот для здоровой кожи и красивой шерсти.  Экстракты фенхеля, базилика и шалфея вместе с морскими водорослями и пребиотиками поддерживают пищеварение и сохраняют здоровую микрофлору кишечника, которая, в свою очередь, помогает повышать иммунитет.  Корма Profine помогают вашей кошке питаться натуральными продуктами без риска возникновения неблагоприятных побочных эффектов, таких как пищевая аллергия и/или непереносимость.', '130.00', 0, '0.00', '2_1602628466.jpg', '1_1602628466.jpg'),
(65, 'Ошейник для собак GREAT&amp;SMALL с принтом косточки 10х200-350мм нейлон красный', 'ПР0043546', 4, '20.00', 230, 16, 2, 4, 'Железо, ткань.', 'Ошейник с ярким стильным дизайном из новой коллекции амуниции от английского производителя Great&amp;Small. Принт на ошейнике является светоотражающим и обеспечивает хорошую видимость собаки во время вечерних прогулок. Ошейник Great&amp;Small изготовлен из высокопрочного и влагостойкого нейлона. При этом это мягкий материал, который не травмирует кожный покров животного и гарантирует комфорт во время ношения. Ошейник регулируется по размеру, безопасность крепления обеспечивает мощная металлическая застежка с прочным механизмом. Гальваническое покрытие защищает металлические элементы амуниции от воды и коррозии. Ошейник оснащен D-образным кольцом для подвеса адресника и крепления поводка. Двойная прострочка надежно скрепляет все элементы ошейника. В коллекции также представлен поводок с аналогичным дизайном.', '279.00', 0, '0.00', '2_1602628608.jpg', '1_1602628608.jpg'),
(66, 'Кондиционер IV SAN BERNARD Traditional Line Банан для средней шерсти 0,5л', 'ПР0043448', 4, '525.00', 120, 19, 2, 3, 'Масла.', 'BS Traditional Line Banana Кондиционер для средней шерсти 500 мл Для животных с шерстью средней длины. Улучшает структуру шерсти, увлажняет, питает, облегчает расчесывание, способствует объему. Способ применения: после применения шампуня, на чистую мокрую шерсть нанести достаточное количество кондиционера на шерсть мягкими движениями, оставить на 3 мин. Смыть водой.', '1500.00', 0, '0.00', '2_1602628804.jpg', '1_1602628804.jpg'),
(67, 'Корм для птиц RIO Минеральная смесь для всех видов птиц', 'Т0033376', 4, '520.00', 111, 14, 3, 1, 'Минеральная смесь, твердые семена.', 'Минеральная смесь обеспечивает комфортное пищеварение у птиц. Полностью растворима, содержит неорганические и органические компоненты, которые выполняют функцию гастролитов, помогая &laquo;перемалывать&raquo; твердые семена в мускульном желудке птиц. Смесь служит дополнительным источником кальция, фосфора, натрия и других минеральных веществ.', '109.00', 0, '0.00', '2_1602628921.jpg', '1_1602628921.jpg'),
(68, 'Клетка для птиц FERPLAST REGINA золотая 32.5х49см', 'Т0027429', 3, '1.95', 300, 20, 3, 7, 'Металл, деревянные вставки.', 'Круглая клетка для мелких птиц.  В комплект входит: 2 кормушки, поилка, жердочки, выдвижной поддон, зеркальце, кольцо. Материал: экологически чистый пластик, крашеный металл.', '3900.00', 0, '0.00', '2_1602629042.jpg', '1_1602629042.jpg'),
(69, 'Игрушка для птиц PENN-PLAX ВА509 Подружка попугая малая', 'УТ0009954', 4, '70.00', 120, 21, 3, 8, 'Резина, древесина.', 'Игрушка для птиц ПОДРУЖКА ПОПУГАЯ малая.', '249.00', 0, '0.00', 'f57b6e060cadcf15351e6f3cda1a0bd2_1602629133.jpg', '1_1602629133.jpg'),
(70, 'Корм для рыб SERA Vipagran', 'УТ0010377', 4, '18.00', 56, 16, 5, 1, 'Различные минералы.', 'Главный корм для всех видов рыб, имеющих рот, направленный вперёд. При насыпании корм медленно опускается на дно, что позволяет полакомиться всем рыбам и предотвращает излишнее засорение грунта.  Благодаря специальному процессу обработки гранулы сразу после попадния в воду становятся мягкими и не разбухают в желудке рыб. Маленькие рыбы могут откусывать от гранул небольшие кусочки.  VITAL-IMMUN-PROTECT-Формула. Этот корм изотовлен в соответствии c формулой Vital-Immun-Protect, что дает гарантию Вашим рыбам на прекрасное здоровье, укрепление иммунитета и обилие жизненных сил!', '27.00', 0, '0.00', '2_1602629325.jpg', '1_1602629325.jpg'),
(71, 'Аквариум PRIME белый, с LED светильником, фильтром и кормушкой 15л', 'Т0027188', 3, '4.33', 120, 16, 5, 9, 'Стекло, пластик.', 'Аквариум PRIME - это целый комплекс, содержащий все необходимое для содержания рыбок. Такой аквариум станет идеальным выбором для получения первого опыта в аквариумистике.  В состав набора входят: &bull; Стеклянный аквариум с крышкой. &bull; Встроенный фильтр для обеспечения циркуляции и фильтрации воды. Особая конструкция фильтра позволяет размещать в нем спецуиальные абсорбенты. обеспечивающий циркуляцию воды в аквариуме, а также биологическую и механическую фильтрацию. &bull; Высокоэффективный светодиодный светильник с 3-мя режимами освещения и возможностью регулировки яркости. &bull; Механическая кормушка для мелкого гранулированного корма (кроме моделей 7 литров).  Размеры: 31,5 х 19,5 х 29 см', '4400.00', 0, '0.00', '2_1602629403.jpg', '1_1602629403.jpg'),
(72, 'Корм для грызунов PADOVAN PREMIUM для кроликов', 'Т0027188', 4, '500.00', 12, 17, 4, 1, 'Кукуруза, подсолнечник.', 'Комплексный корм с кокцидиостатом прекрасно подходит для кроликов карликовых пород.Полнорационный высококачественный корм для профилактики кокцидиоза (эмириоза), содержит оптимальную пропорцию семян, злаков, фруктов, зелени, минералов и витаминов.', '276.00', 0, '0.00', '2_1602629524.jpg', '1_1602629524.jpg'),
(73, 'Игрушка для грызунов TRIXIE Морковь и кукуруза из сизаля 15см', 'Т00020426', 4, '46.00', 120, 16, 4, 8, 'Ткань, пропитанная органическим составом.', 'Игрушка в виде морковки и кукурузы из сизаля.', '123.00', 0, '0.00', '2_1602629617.jpg', '1_1602629617.jpg'),
(74, 'Клетка для мелких животных TRIOL YD101 эмаль 27,8х20,5х31см', 'Т0055374', 3, '1.10', 122, 16, 4, 10, 'Пластик, металл, древесина.', 'Небольшая двухэтажная клетка прямоугольной формы с прочным металлическим каркасом. Такая клетка - целый развлекательный комплекс для грызуна, который занимает немного места и отлично подходит для мелких домашних животных вроде крыс, мышей и хомяков.  Комплектация: пластиковая миска, поилка с носиком, уютный домик в виде замка, беговое колесо, горка.', '1200.00', 0, '0.00', '2_1602629738.jpg', '1_1602629738.jpg'),
(75, 'Корм PROFINE Original Adult курица, баранина', 'ПР0018428', 3, '1.00', 120, 1, 1, 1, 'Курица 40% (мука из мяса курицы 25%, мясо курицы 15%), кукуруза, рис (20%)', 'Рецептуры суперпремиальных кормов Profine основаны на последних исследованиях в области питания кошек и разработаны ведущими европейскими специалистами по питанию в сотрудничестве с заводчиками в Скандинавии.', '230.00', 0, '0.00', '2_1602640364.jpg', '1_1602640364.jpg');

-- --------------------------------------------------------

--
-- Структура таблицы `manufacturers`
--

CREATE TABLE `manufacturers` (
  `manufacturer_id` int(10) UNSIGNED NOT NULL,
  `manufacturer_name` varchar(255) DEFAULT NULL,
  `manufacturer_is_deleted` tinyint(1) UNSIGNED NOT NULL DEFAULT 0
) ENGINE=InnoDB DEFAULT CHARSET=utf8;

--
-- Дамп данных таблицы `manufacturers`
--

INSERT INTO `manufacturers` (`manufacturer_id`, `manufacturer_name`, `manufacturer_is_deleted`) VALUES
(1, 'Purina', 0),
(2, 'Pedigree', 0),
(3, 'Chappi', 0),
(4, 'Felix', 0),
(5, 'Royal Canin', 0),
(6, 'ХОРОШКА', 0),
(7, 'ЧИСТЫЕ ЛАПКИ', 0),
(8, 'Cat\'s Best', 0),
(9, 'NEO LOO LIFE', 0),
(10, 'ЗООНИК ', 0),
(11, 'JAPAN PREMIUM PET', 0),
(12, 'Mr.Bruno MS.KISS', 0),
(13, 'WELLROOM ', 0),
(14, 'TROPICLEAN ', 0),
(15, 'NATURES MIRACLE', 0),
(16, 'APICENNA', 0),
(17, 'TRIXIE', 0),
(18, 'ПЧЕЛОДАР ', 0),
(19, 'RIO ', 0),
(20, 'TRIOL ', 0),
(21, 'TETRA  ', 0),
(22, 'Little One', 0),
(23, 'GREEN FARM', 0),
(24, 'Hill\'s', 0),
(25, 'DUKE\'S FARM', 0);

-- --------------------------------------------------------

--
-- Структура таблицы `marks`
--

CREATE TABLE `marks` (
  `mark_id` int(10) UNSIGNED NOT NULL,
  `mark_value` tinyint(10) UNSIGNED NOT NULL,
  `mark_user_id` int(10) UNSIGNED NOT NULL,
  `mark_item_id` int(10) UNSIGNED NOT NULL
) ENGINE=InnoDB DEFAULT CHARSET=utf8;

--
-- Триггеры `marks`
--
DELIMITER $$
CREATE TRIGGER `on_add_new_mark_calculate_avg_mark` AFTER INSERT ON `marks` FOR EACH ROW UPDATE `items`
SET `item_avg_mark` = (
	SELECT AVG(`mark_value`)
    FROM `marks`
    WHERE `mark_item_id` = NEW.`mark_item_id`)
WHERE `item_id` = NEW.`mark_item_id`
$$
DELIMITER ;

-- --------------------------------------------------------

--
-- Структура таблицы `metro_stations`
--

CREATE TABLE `metro_stations` (
  `metro_station_id` int(10) UNSIGNED NOT NULL,
  `metro_station_name` varchar(255) DEFAULT NULL,
  `metro_station_is_deleted` tinyint(1) UNSIGNED DEFAULT 0
) ENGINE=InnoDB DEFAULT CHARSET=utf8mb4;

--
-- Дамп данных таблицы `metro_stations`
--

INSERT INTO `metro_stations` (`metro_station_id`, `metro_station_name`, `metro_station_is_deleted`) VALUES
(1, 'Ладожская', 0),
(2, 'Новочеркасская', 0),
(3, 'Приморская', 0),
(4, 'Московская', 0),
(5, 'Беговая', 0);

-- --------------------------------------------------------

--
-- Структура таблицы `orders`
--

CREATE TABLE `orders` (
  `order_id` int(10) UNSIGNED NOT NULL,
  `order_user_id` int(10) UNSIGNED DEFAULT NULL,
  `order_status_id` int(10) UNSIGNED DEFAULT NULL,
  `order_payment_type_id` int(10) UNSIGNED DEFAULT NULL,
  `order_delivery_type_id` int(10) UNSIGNED DEFAULT NULL,
  `order_info` text DEFAULT NULL,
  `order_is_done` tinyint(1) UNSIGNED DEFAULT 0
) ENGINE=InnoDB DEFAULT CHARSET=utf8;

--
-- Дамп данных таблицы `orders`
--

INSERT INTO `orders` (`order_id`, `order_user_id`, `order_status_id`, `order_payment_type_id`, `order_delivery_type_id`, `order_info`, `order_is_done`) VALUES
(20, NULL, NULL, NULL, NULL, 'имя: Лиза22, телефон: +7 (123) 456-78-90, email: lobchevski@mail.ru', 2),
(21, NULL, NULL, NULL, NULL, 'имя: Лиза, телефон: +7 (123) 456-78-90, email: lobchevskaya-l@mail.ru', 3),
(22, NULL, NULL, NULL, NULL, 'имя: Лиза44, телефон: +7 (123) 456-78-11, email: lobchevski@mail.ru', 2),
(23, NULL, NULL, NULL, NULL, 'имя: Лиза22, телефон: +7 (123) 456-78-90, email: lobchevskaya-k@mail.ru', 2),
(24, NULL, NULL, NULL, NULL, 'имя: 123225gwdsaf, телефон: +7 (123) 456-78-90, email: lobchevski@mail.ru', 2),
(25, NULL, NULL, NULL, NULL, 'имя: 123Лиза22, телефон: +7 (123) 456-78-90, email: lobchevski@mail.ru', 2),
(26, NULL, NULL, NULL, NULL, 'имя: Лиза22, телефон: +7 (123) 456-78-90, email: lobchevski@mail.ru', 2),
(27, NULL, NULL, NULL, NULL, 'имя: Лиза22, телефон: +7 (123) 456-78-90, адрес: Наставников, email: lobchevski@mail.ru', 2),
(28, NULL, NULL, NULL, NULL, 'имя: Лиза, телефон: +7 (123) 456-78-90, адрес: Наставников, email: lobchevski@mail.ru', 2),
(29, NULL, NULL, NULL, NULL, 'имя: Лиза22, телефон: +7 (123) 456-78-90, адрес: Наставников, email: lobchevski@mail.ru', 2),
(30, NULL, NULL, NULL, NULL, 'время: 1602024488, имя: Лиза, телефон: +7 (123) 456-78-90, адрес: Наставников, email: lobchevskaya-l@mail.ru', 2),
(31, NULL, NULL, NULL, NULL, 'время: , имя: 123Лиза22, телефон: +7 (123) 456-78-90, адрес: Наставников, email: lobchevski@mail.ru', 2),
(32, NULL, NULL, NULL, NULL, 'время: 07.10.2020 12:50:48, имя: Лиза22, телефон: +7 (123) 456-78-90, адрес: Наставников, email: lobchevski@mail.ru', 1),
(33, NULL, NULL, NULL, NULL, 'время: 07.10.2020, имя: Лиза22, телефон: +7 (123) 456-78-90, адрес: Наставников, email: lobchevski@mail.ru', 1),
(34, NULL, NULL, NULL, NULL, 'время: 07.10.2020, имя: Администратор, телефон: +7 (123) 456-78-90, адрес: ул. Красная 56, email: admin@mail.ru', 1),
(35, NULL, NULL, NULL, NULL, 'время: 07.10.2020, имя: Нина, телефон: +7 (123) 456-78-90, адрес: Наставников, email: lobchevski@mail.ru', 1),
(36, NULL, NULL, NULL, NULL, 'время: 07.10.2020, имя: Нина 12, телефон: +7 (123) 456-78-90, адрес: Наставников, 23, email: lobchevskiii@mail.ru', 0),
(37, NULL, NULL, NULL, NULL, 'время: 14.10.2020, имя: Нина 12, телефон: +7 (123) 456-78-90, адрес: Наставников, 23, email: lobchevskiii@mail.ru', 2);

-- --------------------------------------------------------

--
-- Структура таблицы `payment_types`
--

CREATE TABLE `payment_types` (
  `payment_type_id` int(10) UNSIGNED NOT NULL,
  `payment_type_name` varchar(255) DEFAULT NULL
) ENGINE=InnoDB DEFAULT CHARSET=utf8;

--
-- Дамп данных таблицы `payment_types`
--

INSERT INTO `payment_types` (`payment_type_id`, `payment_type_name`) VALUES
(1, 'Наличными'),
(2, 'Банковской картой');

-- --------------------------------------------------------

--
-- Структура таблицы `shop_addresses`
--

CREATE TABLE `shop_addresses` (
  `shop_address_id` int(10) UNSIGNED NOT NULL,
  `shop_address_name` varchar(255) DEFAULT NULL,
  `shop_address_phone` varchar(255) DEFAULT NULL,
  `shop_address_work_time` varchar(255) DEFAULT NULL,
  `shop_address_metro_station_id` int(10) UNSIGNED DEFAULT NULL,
  `shop_address_is_deleted` tinyint(1) UNSIGNED NOT NULL DEFAULT 0
) ENGINE=InnoDB DEFAULT CHARSET=utf8mb4;

--
-- Дамп данных таблицы `shop_addresses`
--

INSERT INTO `shop_addresses` (`shop_address_id`, `shop_address_name`, `shop_address_phone`, `shop_address_work_time`, `shop_address_metro_station_id`, `shop_address_is_deleted`) VALUES
(1, 'пр. Наставников, дом 25/3', '+7(812)445-32-45', 'Ежедневно с 10:00 до 21:00', 1, 0),
(2, 'Заневский пр., дом 10', '+7(812)456-34-11', 'Ежедневно с 10:00 до 22:00', 2, 0),
(5, 'Приморский пр., дом 72', '+7(812)445-33-55', 'Пн-Пт с 10:00 до 23:00', 5, 1);

-- --------------------------------------------------------

--
-- Структура таблицы `statuses`
--

CREATE TABLE `statuses` (
  `status_id` int(10) UNSIGNED NOT NULL,
  `status_name` varchar(255) DEFAULT NULL
) ENGINE=InnoDB DEFAULT CHARSET=utf8;

--
-- Дамп данных таблицы `statuses`
--

INSERT INTO `statuses` (`status_id`, `status_name`) VALUES
(1, 'Принят'),
(2, 'Оформляется'),
(3, 'Сформирован'),
(4, 'В пути'),
(5, 'Доставлен');

-- --------------------------------------------------------

--
-- Структура таблицы `units`
--

CREATE TABLE `units` (
  `unit_id` int(10) UNSIGNED NOT NULL,
  `unit_name` varchar(255) DEFAULT NULL COMMENT 'Единица измерения',
  `unit_is_deleted` tinyint(1) UNSIGNED NOT NULL DEFAULT 0
) ENGINE=InnoDB DEFAULT CHARSET=utf8;

--
-- Дамп данных таблицы `units`
--

INSERT INTO `units` (`unit_id`, `unit_name`, `unit_is_deleted`) VALUES
(1, 'шт', 0),
(2, 'л', 0),
(3, 'кг', 0),
(4, 'г', 0),
(5, 'уп.', 0),
(6, 'мл', 0);

-- --------------------------------------------------------

--
-- Структура таблицы `users`
--

CREATE TABLE `users` (
  `user_id` int(10) UNSIGNED NOT NULL,
  `user_second_name` varchar(255) DEFAULT NULL,
  `user_first_name` varchar(255) DEFAULT NULL,
  `user_patronymic` varchar(255) DEFAULT NULL,
  `user_login` varchar(255) NOT NULL,
  `user_password` char(32) NOT NULL,
  `user_email` varchar(255) DEFAULT NULL,
  `user_phone` varchar(255) DEFAULT NULL,
  `user_reg_date` date DEFAULT NULL,
  `user_gender_id` tinyint(1) UNSIGNED DEFAULT NULL,
  `user_address_id` int(10) UNSIGNED DEFAULT NULL,
  `user_is_admin` tinyint(1) UNSIGNED NOT NULL DEFAULT 0
) ENGINE=InnoDB DEFAULT CHARSET=utf8;

--
-- Дамп данных таблицы `users`
--

INSERT INTO `users` (`user_id`, `user_second_name`, `user_first_name`, `user_patronymic`, `user_login`, `user_password`, `user_email`, `user_phone`, `user_reg_date`, `user_gender_id`, `user_address_id`, `user_is_admin`) VALUES
(1, NULL, 'Администратор', NULL, 'admin', 'e10adc3949ba59abbe56e057f20f883e', 'admin@mail.ru', '+78906756745', NULL, NULL, 2, 1),
(2, 'Петров', 'Петр', 'Петрович', 'petya', '1234', 'petya@mail.ru', '+78980001112233', '2020-05-22', 1, 1, 0),
(3, 'Левкова', 'Елена', 'Михайловна', 'elena', '1234', 'elena@mail.ru', '+78907652345', '2020-05-03', 2, 3, 0),
(4, 'Михайлов', 'Михаил', 'Михайлович', 'mihail', '1234', 'mihail@gmail.com', '+78906756745', '2020-05-20', 1, 4, 0),
(12, NULL, 'Вероника', NULL, 'veron', '81dc9bdb52d04dc20036dbd8313ed055', NULL, NULL, NULL, NULL, NULL, 1),
(13, NULL, NULL, NULL, 'pavlin', '81dc9bdb52d04dc20036dbd8313ed055', NULL, NULL, NULL, NULL, NULL, 0),
(14, NULL, 'Юля', NULL, 'yula', '81dc9bdb52d04dc20036dbd8313ed055', NULL, NULL, NULL, NULL, NULL, 0),
(15, NULL, 'Лиза', NULL, 'liza', '81dc9bdb52d04dc20036dbd8313ed055', NULL, NULL, NULL, NULL, NULL, 0),
(16, NULL, NULL, NULL, '12345678', '202cb962ac59075b964b07152d234b70', NULL, NULL, NULL, NULL, NULL, 0),
(17, NULL, NULL, NULL, 'igor', '202cb962ac59075b964b07152d234b70', NULL, NULL, NULL, NULL, NULL, 0),
(18, NULL, NULL, NULL, 'vika', '202cb962ac59075b964b07152d234b70', NULL, NULL, NULL, NULL, NULL, 0),
(19, NULL, NULL, NULL, 'abc', '202cb962ac59075b964b07152d234b70', NULL, NULL, NULL, NULL, NULL, 0),
(20, NULL, NULL, NULL, 'aaa', '202cb962ac59075b964b07152d234b70', NULL, NULL, NULL, NULL, NULL, 0),
(21, NULL, NULL, NULL, 'bbb', '202cb962ac59075b964b07152d234b70', NULL, NULL, NULL, NULL, NULL, 0),
(22, NULL, NULL, NULL, 'abc1', 'd41d8cd98f00b204e9800998ecf8427e', NULL, NULL, NULL, NULL, NULL, 0),
(24, NULL, 'Нина 12', NULL, 'nina', 'e10adc3949ba59abbe56e057f20f883e', 'lobchevskiii@mail.ru', '+7 (123) 456-78-90', NULL, NULL, 6, 0),
(26, NULL, NULL, NULL, 'liza01', '9cbf8a4dcb8e30682b927f352d6559a0', NULL, NULL, NULL, NULL, NULL, 0);

--
-- Индексы сохранённых таблиц
--

--
-- Индексы таблицы `addresses`
--
ALTER TABLE `addresses`
  ADD PRIMARY KEY (`address_id`);

--
-- Индексы таблицы `animal_types`
--
ALTER TABLE `animal_types`
  ADD PRIMARY KEY (`animal_type_id`);

--
-- Индексы таблицы `articles`
--
ALTER TABLE `articles`
  ADD PRIMARY KEY (`article_id`);

--
-- Индексы таблицы `carts`
--
ALTER TABLE `carts`
  ADD PRIMARY KEY (`cart_id`),
  ADD KEY `cart_item_id` (`cart_item_id`),
  ADD KEY `cart_order_id` (`cart_order_id`);

--
-- Индексы таблицы `categories`
--
ALTER TABLE `categories`
  ADD PRIMARY KEY (`category_id`);

--
-- Индексы таблицы `connects`
--
ALTER TABLE `connects`
  ADD PRIMARY KEY (`connect_id`),
  ADD KEY `connect_user_id` (`connect_user_id`);

--
-- Индексы таблицы `delivery_types`
--
ALTER TABLE `delivery_types`
  ADD PRIMARY KEY (`delivery_type_id`);

--
-- Индексы таблицы `gender`
--
ALTER TABLE `gender`
  ADD PRIMARY KEY (`gender_id`);

--
-- Индексы таблицы `items`
--
ALTER TABLE `items`
  ADD PRIMARY KEY (`item_id`),
  ADD KEY `item_unit_id` (`item_unit_id`),
  ADD KEY `item_manufacturer_id` (`item_manufacturer_id`),
  ADD KEY `item_category_id` (`item_category_id`),
  ADD KEY `item_animal_type_id` (`item_animal_type_id`);

--
-- Индексы таблицы `manufacturers`
--
ALTER TABLE `manufacturers`
  ADD PRIMARY KEY (`manufacturer_id`);

--
-- Индексы таблицы `marks`
--
ALTER TABLE `marks`
  ADD PRIMARY KEY (`mark_id`),
  ADD KEY `mark_user_id` (`mark_user_id`),
  ADD KEY `mark_item_id` (`mark_item_id`);

--
-- Индексы таблицы `metro_stations`
--
ALTER TABLE `metro_stations`
  ADD PRIMARY KEY (`metro_station_id`);

--
-- Индексы таблицы `orders`
--
ALTER TABLE `orders`
  ADD PRIMARY KEY (`order_id`),
  ADD KEY `order_user_id` (`order_user_id`),
  ADD KEY `order_status_id` (`order_status_id`),
  ADD KEY `order_payment_type_id` (`order_payment_type_id`),
  ADD KEY `order_delivery_type_id` (`order_delivery_type_id`);

--
-- Индексы таблицы `payment_types`
--
ALTER TABLE `payment_types`
  ADD PRIMARY KEY (`payment_type_id`);

--
-- Индексы таблицы `shop_addresses`
--
ALTER TABLE `shop_addresses`
  ADD PRIMARY KEY (`shop_address_id`),
  ADD KEY `shop_address_metro_station_id` (`shop_address_metro_station_id`);

--
-- Индексы таблицы `statuses`
--
ALTER TABLE `statuses`
  ADD PRIMARY KEY (`status_id`);

--
-- Индексы таблицы `units`
--
ALTER TABLE `units`
  ADD PRIMARY KEY (`unit_id`);

--
-- Индексы таблицы `users`
--
ALTER TABLE `users`
  ADD PRIMARY KEY (`user_id`),
  ADD KEY `user_gender_id` (`user_gender_id`),
  ADD KEY `user_address_id` (`user_address_id`);

--
-- AUTO_INCREMENT для сохранённых таблиц
--

--
-- AUTO_INCREMENT для таблицы `addresses`
--
ALTER TABLE `addresses`
  MODIFY `address_id` int(10) UNSIGNED NOT NULL AUTO_INCREMENT, AUTO_INCREMENT=7;

--
-- AUTO_INCREMENT для таблицы `animal_types`
--
ALTER TABLE `animal_types`
  MODIFY `animal_type_id` int(10) UNSIGNED NOT NULL AUTO_INCREMENT, AUTO_INCREMENT=6;

--
-- AUTO_INCREMENT для таблицы `articles`
--
ALTER TABLE `articles`
  MODIFY `article_id` int(10) UNSIGNED NOT NULL AUTO_INCREMENT, AUTO_INCREMENT=18;

--
-- AUTO_INCREMENT для таблицы `carts`
--
ALTER TABLE `carts`
  MODIFY `cart_id` int(10) UNSIGNED NOT NULL AUTO_INCREMENT, AUTO_INCREMENT=47;

--
-- AUTO_INCREMENT для таблицы `categories`
--
ALTER TABLE `categories`
  MODIFY `category_id` int(10) UNSIGNED NOT NULL AUTO_INCREMENT, AUTO_INCREMENT=12;

--
-- AUTO_INCREMENT для таблицы `connects`
--
ALTER TABLE `connects`
  MODIFY `connect_id` int(10) UNSIGNED NOT NULL AUTO_INCREMENT, AUTO_INCREMENT=127;

--
-- AUTO_INCREMENT для таблицы `delivery_types`
--
ALTER TABLE `delivery_types`
  MODIFY `delivery_type_id` int(10) UNSIGNED NOT NULL AUTO_INCREMENT, AUTO_INCREMENT=4;

--
-- AUTO_INCREMENT для таблицы `gender`
--
ALTER TABLE `gender`
  MODIFY `gender_id` tinyint(1) UNSIGNED NOT NULL AUTO_INCREMENT, AUTO_INCREMENT=3;

--
-- AUTO_INCREMENT для таблицы `items`
--
ALTER TABLE `items`
  MODIFY `item_id` int(10) UNSIGNED NOT NULL AUTO_INCREMENT, AUTO_INCREMENT=76;

--
-- AUTO_INCREMENT для таблицы `manufacturers`
--
ALTER TABLE `manufacturers`
  MODIFY `manufacturer_id` int(10) UNSIGNED NOT NULL AUTO_INCREMENT, AUTO_INCREMENT=26;

--
-- AUTO_INCREMENT для таблицы `marks`
--
ALTER TABLE `marks`
  MODIFY `mark_id` int(10) UNSIGNED NOT NULL AUTO_INCREMENT, AUTO_INCREMENT=14;

--
-- AUTO_INCREMENT для таблицы `metro_stations`
--
ALTER TABLE `metro_stations`
  MODIFY `metro_station_id` int(10) UNSIGNED NOT NULL AUTO_INCREMENT, AUTO_INCREMENT=6;

--
-- AUTO_INCREMENT для таблицы `orders`
--
ALTER TABLE `orders`
  MODIFY `order_id` int(10) UNSIGNED NOT NULL AUTO_INCREMENT, AUTO_INCREMENT=38;

--
-- AUTO_INCREMENT для таблицы `payment_types`
--
ALTER TABLE `payment_types`
  MODIFY `payment_type_id` int(10) UNSIGNED NOT NULL AUTO_INCREMENT, AUTO_INCREMENT=3;

--
-- AUTO_INCREMENT для таблицы `shop_addresses`
--
ALTER TABLE `shop_addresses`
  MODIFY `shop_address_id` int(10) UNSIGNED NOT NULL AUTO_INCREMENT, AUTO_INCREMENT=7;

--
-- AUTO_INCREMENT для таблицы `statuses`
--
ALTER TABLE `statuses`
  MODIFY `status_id` int(10) UNSIGNED NOT NULL AUTO_INCREMENT, AUTO_INCREMENT=6;

--
-- AUTO_INCREMENT для таблицы `units`
--
ALTER TABLE `units`
  MODIFY `unit_id` int(10) UNSIGNED NOT NULL AUTO_INCREMENT, AUTO_INCREMENT=7;

--
-- AUTO_INCREMENT для таблицы `users`
--
ALTER TABLE `users`
  MODIFY `user_id` int(10) UNSIGNED NOT NULL AUTO_INCREMENT, AUTO_INCREMENT=27;

--
-- Ограничения внешнего ключа сохраненных таблиц
--

--
-- Ограничения внешнего ключа таблицы `carts`
--
ALTER TABLE `carts`
  ADD CONSTRAINT `carts_ibfk_1` FOREIGN KEY (`cart_item_id`) REFERENCES `items` (`item_id`) ON UPDATE CASCADE,
  ADD CONSTRAINT `carts_ibfk_2` FOREIGN KEY (`cart_order_id`) REFERENCES `orders` (`order_id`) ON UPDATE CASCADE;

--
-- Ограничения внешнего ключа таблицы `connects`
--
ALTER TABLE `connects`
  ADD CONSTRAINT `connects_ibfk_1` FOREIGN KEY (`connect_user_id`) REFERENCES `users` (`user_id`) ON UPDATE CASCADE;

--
-- Ограничения внешнего ключа таблицы `items`
--
ALTER TABLE `items`
  ADD CONSTRAINT `items_ibfk_1` FOREIGN KEY (`item_category_id`) REFERENCES `categories` (`category_id`) ON UPDATE CASCADE,
  ADD CONSTRAINT `items_ibfk_2` FOREIGN KEY (`item_manufacturer_id`) REFERENCES `manufacturers` (`manufacturer_id`) ON UPDATE CASCADE,
  ADD CONSTRAINT `items_ibfk_3` FOREIGN KEY (`item_unit_id`) REFERENCES `units` (`unit_id`) ON UPDATE CASCADE,
  ADD CONSTRAINT `items_ibfk_4` FOREIGN KEY (`item_animal_type_id`) REFERENCES `animal_types` (`animal_type_id`) ON DELETE NO ACTION ON UPDATE CASCADE;

--
-- Ограничения внешнего ключа таблицы `marks`
--
ALTER TABLE `marks`
  ADD CONSTRAINT `marks_ibfk_1` FOREIGN KEY (`mark_user_id`) REFERENCES `users` (`user_id`) ON UPDATE CASCADE,
  ADD CONSTRAINT `marks_ibfk_2` FOREIGN KEY (`mark_item_id`) REFERENCES `items` (`item_id`) ON UPDATE CASCADE;

--
-- Ограничения внешнего ключа таблицы `orders`
--
ALTER TABLE `orders`
  ADD CONSTRAINT `orders_ibfk_1` FOREIGN KEY (`order_status_id`) REFERENCES `statuses` (`status_id`) ON UPDATE CASCADE,
  ADD CONSTRAINT `orders_ibfk_2` FOREIGN KEY (`order_payment_type_id`) REFERENCES `payment_types` (`payment_type_id`) ON UPDATE CASCADE,
  ADD CONSTRAINT `orders_ibfk_3` FOREIGN KEY (`order_delivery_type_id`) REFERENCES `delivery_types` (`delivery_type_id`) ON UPDATE CASCADE,
  ADD CONSTRAINT `orders_ibfk_5` FOREIGN KEY (`order_user_id`) REFERENCES `users` (`user_id`) ON UPDATE CASCADE;

--
-- Ограничения внешнего ключа таблицы `shop_addresses`
--
ALTER TABLE `shop_addresses`
  ADD CONSTRAINT `shop_addresses_ibfk_1` FOREIGN KEY (`shop_address_metro_station_id`) REFERENCES `metro_stations` (`metro_station_id`) ON DELETE NO ACTION ON UPDATE CASCADE;

--
-- Ограничения внешнего ключа таблицы `users`
--
ALTER TABLE `users`
  ADD CONSTRAINT `users_ibfk_1` FOREIGN KEY (`user_address_id`) REFERENCES `addresses` (`address_id`) ON UPDATE CASCADE,
  ADD CONSTRAINT `users_ibfk_2` FOREIGN KEY (`user_gender_id`) REFERENCES `gender` (`gender_id`) ON UPDATE CASCADE;

DELIMITER $$
--
-- События
--
CREATE DEFINER=`root`@`localhost` EVENT `remove_on_connect` ON SCHEDULE EVERY 2 MINUTE STARTS '2020-05-23 00:00:00' ON COMPLETION PRESERVE ENABLE DO DELETE FROM `connects` WHERE `connect_token_time` < NOW() -INTERVAL 2 DAY$$

DELIMITER ;
COMMIT;

/*!40101 SET CHARACTER_SET_CLIENT=@OLD_CHARACTER_SET_CLIENT */;
/*!40101 SET CHARACTER_SET_RESULTS=@OLD_CHARACTER_SET_RESULTS */;
/*!40101 SET COLLATION_CONNECTION=@OLD_COLLATION_CONNECTION */;
